Workbook

Sheet Inventory_Master
A1: Supply_ID | B1: Supply_Name | C1: Category | D1: Location | E1: Unit | F1: Min_Level | G1: Max_Level | H1: Current_Qty | I1: Unit_Cost | J1: Barcode | K1: Supplier
A2: S001 | B2: IV Start Kit | C2: IV Supplies | D2: ER | E2: Each | F2: 50 | G2: 150 | H2: 42 | I2: 8.5 | J2: HC100001 | K2: MedSupply A | L2: =IF(H2<F2,"REORDER","OK") -> REORDER
A3: S002 | B3: Gauze 4x4 | C3: Wound Care | D3: ICU | E3: Pack | F3: 100 | G3: 250 | H3: 135 | I3: 4.25 | J3: HC100002 | K3: MedSupply B | L3: =IF(H3<F3,"REORDER","OK") -> OK
A4: S003 | B4: Nitrile Gloves Medium | C4: PPE | D4: ER | E4: Box | F4: 75 | G4: 200 | H4: 88 | I4: 12.5 | J4: HC100003 | K4: MedSupply C | L4: =IF(H4<F4,"REORDER","OK") -> OK
A5: S004 | B5: Nitrile Gloves Large | C5: PPE | D5: ICU | E5: Box | F5: 75 | G5: 200 | H5: 61 | I5: 12.5 | J5: HC100004 | K5: MedSupply C | L5: =IF(H5<F5,"REORDER","OK") -> REORDER
A6: S005 | B6: Surgical Mask | C6: PPE | D6: Surgery | E6: Box | F6: 40 | G6: 120 | H6: 92 | I6: 7.75 | J6: HC100005 | K6: MedSupply C | L6: =IF(H6<F6,"REORDER","OK") -> OK
A7: S006 | B7: Alcohol Prep Pads | C7: Infection Control | D7: ER | E7: Box | F7: 50 | G7: 150 | H7: 47 | I7: 6.25 | J7: HC100006 | K7: MedSupply B | L7: =IF(H7<F7,"REORDER","OK") -> REORDER
A8: S007 | B8: 10 mL Syringe | C8: Syringes | D8: ICU | E8: Box | F8: 60 | G8: 180 | H8: 103 | I8: 15 | J8: HC100007 | K8: MedSupply A | L8: =IF(H8<F8,"REORDER","OK") -> OK
A9: S008 | B9: 5 mL Syringe | C9: Syringes | D9: ER | E9: Box | F9: 60 | G9: 180 | H9: 142 | I9: 13.5 | J9: HC100008 | K9: MedSupply A | L9: =IF(H9<F9,"REORDER","OK") -> OK
A10: S009 | B10: IV Extension Set | C10: IV Supplies | D10: ICU | E10: Each | F10: 40 | G10: 120 | H10: 36 | I10: 5.75 | J10: HC100009 | K10: MedSupply A | L10: =IF(H10<F10,"REORDER","OK") -> REORDER
A11: S010 | B11: Adhesive Tape | C11: Wound Care | D11: Surgery | E11: Roll | F11: 30 | G11: 100 | H11: 76 | I11: 3.5 | J11: HC100010 | K11: MedSupply B | L11: =IF(H11<F11,"REORDER","OK") -> OK

Sheet Receiving_Log
A1: Receipt_ID | B1: Receipt_Date | C1: Supply_ID | D1: Supply_Name | E1: Location | F1: Quantity_Received | G1: Unit | H1: Supplier | I1: Purchase_Order | J1: Barcode | K1: Received_By | L1: QA_Status | M1: Notes
A2: R001 | B2: 46266 | C2: S001 | D2: =IFERROR(VLOOKUP(C2,Inventory_Master!A:K,2,FALSE),"") -> IV Start Kit | E2: =IFERROR(VLOOKUP(C2,Inventory_Master!A:K,4,FALSE),"") -> ER | F2: 75 | G2: =IFERROR(VLOOKUP(C2,Inventory_Master!A:K,5,FALSE),"") -> Each | H2: =IFERROR(VLOOKUP(C2,Inventory_Master!A:K,11,FALSE),"") -> MedSupply A | I2: PO1001 | J2: =IFERROR(VLOOKUP(C2,Inventory_Master!A:K,10,FALSE),"") -> HC100001 | K2: Staff01 | L2: Passed | M2: Packaging intact
A3: R002 | B3: 46266 | C3: S003 | D3: =IFERROR(VLOOKUP(C3,Inventory_Master!A:K,2,FALSE),"") -> Nitrile Gloves Medium | E3: =IFERROR(VLOOKUP(C3,Inventory_Master!A:K,4,FALSE),"") -> ER | F3: 100 | G3: =IFERROR(VLOOKUP(C3,Inventory_Master!A:K,5,FALSE),"") -> Box | H3: =IFERROR(VLOOKUP(C3,Inventory_Master!A:K,11,FALSE),"") -> MedSupply C | I3: PO1002 | J3: =IFERROR(VLOOKUP(C3,Inventory_Master!A:K,10,FALSE),"") -> HC100003 | K3: Staff02 | L3: Passed | M3: Correct quantity
A4: R003 | B4: 46267 | C4: S006 | D4: =IFERROR(VLOOKUP(C4,Inventory_Master!A:K,2,FALSE),"") -> Alcohol Prep Pads | E4: =IFERROR(VLOOKUP(C4,Inventory_Master!A:K,4,FALSE),"") -> ER | F4: 80 | G4: =IFERROR(VLOOKUP(C4,Inventory_Master!A:K,5,FALSE),"") -> Box | H4: =IFERROR(VLOOKUP(C4,Inventory_Master!A:K,11,FALSE),"") -> MedSupply B | I4: PO1003 | J4: =IFERROR(VLOOKUP(C4,Inventory_Master!A:K,10,FALSE),"") -> HC100006 | K4: Staff01 | L4: Passed | M4: No issues
A5: R004 | B5: 46268 | C5: S009 | D5: =IFERROR(VLOOKUP(C5,Inventory_Master!A:K,2,FALSE),"") -> IV Extension Set | E5: =IFERROR(VLOOKUP(C5,Inventory_Master!A:K,4,FALSE),"") -> ICU | F5: 60 | G5: =IFERROR(VLOOKUP(C5,Inventory_Master!A:K,5,FALSE),"") -> Each | H5: =IFERROR(VLOOKUP(C5,Inventory_Master!A:K,11,FALSE),"") -> MedSupply A | I5: PO1004 | J5: =IFERROR(VLOOKUP(C5,Inventory_Master!A:K,10,FALSE),"") -> HC100009 | K5: Staff03 | L5: Passed | M5: Packaging intact
A6: R005 | B6: 46269 | C6: S004 | D6: =IFERROR(VLOOKUP(C6,Inventory_Master!A:K,2,FALSE),"") -> Nitrile Gloves Large | E6: =IFERROR(VLOOKUP(C6,Inventory_Master!A:K,4,FALSE),"") -> ICU | F6: 120 | G6: =IFERROR(VLOOKUP(C6,Inventory_Master!A:K,5,FALSE),"") -> Box | H6: =IFERROR(VLOOKUP(C6,Inventory_Master!A:K,11,FALSE),"") -> MedSupply C | I6: PO1005 | J6: =IFERROR(VLOOKUP(C6,Inventory_Master!A:K,10,FALSE),"") -> HC100004 | K6: Staff02 | L6: Passed | M6: Correct quantity
A7: R006 | B7: 46270 | C7: S002 | D7: =IFERROR(VLOOKUP(C7,Inventory_Master!A:K,2,FALSE),"") -> Gauze 4x4 | E7: =IFERROR(VLOOKUP(C7,Inventory_Master!A:K,4,FALSE),"") -> ICU | F7: 150 | G7: =IFERROR(VLOOKUP(C7,Inventory_Master!A:K,5,FALSE),"") -> Pack | H7: =IFERROR(VLOOKUP(C7,Inventory_Master!A:K,11,FALSE),"") -> MedSupply B | I7: PO1006 | J7: =IFERROR(VLOOKUP(C7,Inventory_Master!A:K,10,FALSE),"") -> HC100002 | K7: Staff03 | L7: Passed | M7: No issues
A8: R007 | B8: 46271 | C8: S007 | D8: =IFERROR(VLOOKUP(C8,Inventory_Master!A:K,2,FALSE),"") -> 10 mL Syringe | E8: =IFERROR(VLOOKUP(C8,Inventory_Master!A:K,4,FALSE),"") -> ICU | F8: 100 | G8: =IFERROR(VLOOKUP(C8,Inventory_Master!A:K,5,FALSE),"") -> Box | H8: =IFERROR(VLOOKUP(C8,Inventory_Master!A:K,11,FALSE),"") -> MedSupply A | I8: PO1007 | J8: =IFERROR(VLOOKUP(C8,Inventory_Master!A:K,10,FALSE),"") -> HC100007 | K8: Staff01 | L8: Passed | M8: Packaging intact
A9: R008 | B9: 46272 | C9: S005 | D9: =IFERROR(VLOOKUP(C9,Inventory_Master!A:K,2,FALSE),"") -> Surgical Mask | E9: =IFERROR(VLOOKUP(C9,Inventory_Master!A:K,4,FALSE),"") -> Surgery | F9: 80 | G9: =IFERROR(VLOOKUP(C9,Inventory_Master!A:K,5,FALSE),"") -> Box | H9: =IFERROR(VLOOKUP(C9,Inventory_Master!A:K,11,FALSE),"") -> MedSupply C | I9: PO1008 | J9: =IFERROR(VLOOKUP(C9,Inventory_Master!A:K,10,FALSE),"") -> HC100005 | K9: Staff02 | L9: Passed | M9: Correct quantity
A10: R009 | B10: 46273 | C10: S010 | D10: =IFERROR(VLOOKUP(C10,Inventory_Master!A:K,2,FALSE),"") -> Adhesive Tape | E10: =IFERROR(VLOOKUP(C10,Inventory_Master!A:K,4,FALSE),"") -> Surgery | F10: 50 | G10: =IFERROR(VLOOKUP(C10,Inventory_Master!A:K,5,FALSE),"") -> Roll | H10: =IFERROR(VLOOKUP(C10,Inventory_Master!A:K,11,FALSE),"") -> MedSupply B | I10: PO1009 | J10: =IFERROR(VLOOKUP(C10,Inventory_Master!A:K,10,FALSE),"") -> HC100010 | K10: Staff03 | L10: Passed | M10: No issues
A11: R010 | B11: 46274 | C11: S008 | D11: =IFERROR(VLOOKUP(C11,Inventory_Master!A:K,2,FALSE),"") -> 5 mL Syringe | E11: =IFERROR(VLOOKUP(C11,Inventory_Master!A:K,4,FALSE),"") -> ER | F11: 100 | G11: =IFERROR(VLOOKUP(C11,Inventory_Master!A:K,5,FALSE),"") -> Box | H11: =IFERROR(VLOOKUP(C11,Inventory_Master!A:K,11,FALSE),"") -> MedSupply A | I11: PO1010 | J11: =IFERROR(VLOOKUP(C11,Inventory_Master!A:K,10,FALSE),"") -> HC100008 | K11: Staff01 | L11: Passed | M11: Packaging intact

Sheet Usage_Log
A1: Usage_ID | B1: Usage_Date | C1: Supply_ID | D1: Quantity_Used | E1: Destination | F1: Issued_By | G1: QA_Status | H1: Notes
A2: U001 | B2: 46267 | C2: S001 | D2: 18 | E2: =IFERROR(VLOOKUP(C2,Inventory_Master!A:K,4,FALSE),"") -> ER | F2: Staff01 | G2: Passed | H2: Routine issue
A3: U002 | B3: 46267 | C3: S003 | D3: 22 | E3: =IFERROR(VLOOKUP(C3,Inventory_Master!A:K,4,FALSE),"") -> ER | F3: Staff02 | G3: Passed | H3: Routine issue
A4: U003 | B4: 46268 | C4: S006 | D4: 15 | E4: =IFERROR(VLOOKUP(C4,Inventory_Master!A:K,4,FALSE),"") -> ER | F4: Staff01 | G4: Passed | H4: Routine issue
A5: U004 | B5: 46269 | C5: S009 | D5: 12 | E5: =IFERROR(VLOOKUP(C5,Inventory_Master!A:K,4,FALSE),"") -> ICU | F5: Staff03 | G5: Passed | H5: Routine issue
A6: U005 | B6: 46270 | C6: S004 | D6: 31 | E6: =IFERROR(VLOOKUP(C6,Inventory_Master!A:K,4,FALSE),"") -> ICU | F6: Staff02 | G6: Passed | H6: Routine issue
A7: U006 | B7: 46271 | C7: S002 | D7: 45 | E7: =IFERROR(VLOOKUP(C7,Inventory_Master!A:K,4,FALSE),"") -> ICU | F7: Staff03 | G7: Passed | H7: Routine issue
A8: U007 | B8: 46272 | C8: S007 | D8: 28 | E8: =IFERROR(VLOOKUP(C8,Inventory_Master!A:K,4,FALSE),"") -> ICU | F8: Staff01 | G8: Passed | H8: Routine issue
A9: U008 | B9: 46273 | C9: S005 | D9: 18 | E9: =IFERROR(VLOOKUP(C9,Inventory_Master!A:K,4,FALSE),"") -> Surgery | F9: Staff02 | G9: Passed | H9: Routine issue
A10: U009 | B10: 46274 | C10: S010 | D10: 12 | E10: =IFERROR(VLOOKUP(C10,Inventory_Master!A:K,4,FALSE),"") -> Surgery | F10: Staff03 | G10: Passed | H10: Routine issue
A11: U010 | B11: 46275 | C11: S008 | D11: 35 | E11: =IFERROR(VLOOKUP(C11,Inventory_Master!A:K,4,FALSE),"") -> ER | F11: Staff01 | G11: Passed | H11: Routine issue
A12: U011 | B12: 46275 | C12: S001 | D12: 11 | E12: =IFERROR(VLOOKUP(C12,Inventory_Master!A:K,4,FALSE),"") -> ER | F12: Staff02 | G12: Passed | H12: Routine issue
A13: U012 | B13: 46276 | C13: S003 | D13: 19 | E13: =IFERROR(VLOOKUP(C13,Inventory_Master!A:K,4,FALSE),"") -> ER | F13: Staff01 | G13: Passed | H13: Routine issue

Sheet Reconciliation
A1: Supply_ID | B1: Supply_Name | C1: Location | D1: Min_Level | E1: Max_Level | F1: Beginning_Qty | G1: Total_Received | H1: Total_Used | I1: System_Qty | J1: Physical_Count | K1: Variance | L1: Variance_% | M1: Reconciliation_Status
A2: =Inventory_Master!A2 -> S001 | B2: =IFERROR(VLOOKUP(A2,Inventory_Master!A:K,2,FALSE),"") -> IV Start Kit | C2: =IFERROR(VLOOKUP(A2,Inventory_Master!A:K,4,FALSE),"") -> ER | D2: =IFERROR(VLOOKUP(A2,Inventory_Master!A:K,6,FALSE),"") -> 50 | E2: =IFERROR(VLOOKUP(A2,Inventory_Master!A:K,7,FALSE),"") -> 150 | F2: =IFERROR(VLOOKUP(A2,Inventory_Master!A:K,8,FALSE),"") -> 42 | G2: =SUMIF(Receiving_Log!C:C,A2,Receiving_Log!F:F) -> 75 | H2: =SUMIF(Usage_Log!C:C,A2,Usage_Log!D:D) -> 29 | I2: =F2+G2-H2 -> 88 | K2: =IF(J2="","",J2-I2) | L2: =IF(OR(J2="",I2=0),"",K2/I2) | M2: =IF(J2="","COUNT REQUIRED",IF(K2=0,"RECONCILED","INVESTIGATE")) -> COUNT REQUIRED
A3: =Inventory_Master!A3 -> S002 | B3: =IFERROR(VLOOKUP(A3,Inventory_Master!A:K,2,FALSE),"") -> Gauze 4x4 | C3: =IFERROR(VLOOKUP(A3,Inventory_Master!A:K,4,FALSE),"") -> ICU | D3: =IFERROR(VLOOKUP(A3,Inventory_Master!A:K,6,FALSE),"") -> 100 | E3: =IFERROR(VLOOKUP(A3,Inventory_Master!A:K,7,FALSE),"") -> 250 | F3: =IFERROR(VLOOKUP(A3,Inventory_Master!A:K,8,FALSE),"") -> 135 | G3: =SUMIF(Receiving_Log!C:C,A3,Receiving_Log!F:F) -> 150 | H3: =SUMIF(Usage_Log!C:C,A3,Usage_Log!D:D) -> 45 | I3: =F3+G3-H3 -> 240 | K3: =IF(J3="","",J3-I3) | L3: =IF(OR(J3="",I3=0),"",K3/I3) | M3: =IF(J3="","COUNT REQUIRED",IF(K3=0,"RECONCILED","INVESTIGATE")) -> COUNT REQUIRED
A4: =Inventory_Master!A4 -> S003 | B4: =IFERROR(VLOOKUP(A4,Inventory_Master!A:K,2,FALSE),"") -> Nitrile Gloves Medium | C4: =IFERROR(VLOOKUP(A4,Inventory_Master!A:K,4,FALSE),"") -> ER | D4: =IFERROR(VLOOKUP(A4,Inventory_Master!A:K,6,FALSE),"") -> 75 | E4: =IFERROR(VLOOKUP(A4,Inventory_Master!A:K,7,FALSE),"") -> 200 | F4: =IFERROR(VLOOKUP(A4,Inventory_Master!A:K,8,FALSE),"") -> 88 | G4: =SUMIF(Receiving_Log!C:C,A4,Receiving_Log!F:F) -> 100 | H4: =SUMIF(Usage_Log!C:C,A4,Usage_Log!D:D) -> 41 | I4: =F4+G4-H4 -> 147 | K4: =IF(J4="","",J4-I4) | L4: =IF(OR(J4="",I4=0),"",K4/I4) | M4: =IF(J4="","COUNT REQUIRED",IF(K4=0,"RECONCILED","INVESTIGATE")) -> COUNT REQUIRED
A5: =Inventory_Master!A5 -> S004 | B5: =IFERROR(VLOOKUP(A5,Inventory_Master!A:K,2,FALSE),"") -> Nitrile Gloves Large | C5: =IFERROR(VLOOKUP(A5,Inventory_Master!A:K,4,FALSE),"") -> ICU | D5: =IFERROR(VLOOKUP(A5,Inventory_Master!A:K,6,FALSE),"") -> 75 | E5: =IFERROR(VLOOKUP(A5,Inventory_Master!A:K,7,FALSE),"") -> 200 | F5: =IFERROR(VLOOKUP(A5,Inventory_Master!A:K,8,FALSE),"") -> 61 | G5: =SUMIF(Receiving_Log!C:C,A5,Receiving_Log!F:F) -> 120 | H5: =SUMIF(Usage_Log!C:C,A5,Usage_Log!D:D) -> 31 | I5: =F5+G5-H5 -> 150 | K5: =IF(J5="","",J5-I5) | L5: =IF(OR(J5="",I5=0),"",K5/I5) | M5: =IF(J5="","COUNT REQUIRED",IF(K5=0,"RECONCILED","INVESTIGATE")) -> COUNT REQUIRED
A6: =Inventory_Master!A6 -> S005 | B6: =IFERROR(VLOOKUP(A6,Inventory_Master!A:K,2,FALSE),"") -> Surgical Mask | C6: =IFERROR(VLOOKUP(A6,Inventory_Master!A:K,4,FALSE),"") -> Surgery | D6: =IFERROR(VLOOKUP(A6,Inventory_Master!A:K,6,FALSE),"") -> 40 | E6: =IFERROR(VLOOKUP(A6,Inventory_Master!A:K,7,FALSE),"") -> 120 | F6: =IFERROR(VLOOKUP(A6,Inventory_Master!A:K,8,FALSE),"") -> 92 | G6: =SUMIF(Receiving_Log!C:C,A6,Receiving_Log!F:F) -> 80 | H6: =SUMIF(Usage_Log!C:C,A6,Usage_Log!D:D) -> 18 | I6: =F6+G6-H6 -> 154 | K6: =IF(J6="","",J6-I6) | L6: =IF(OR(J6="",I6=0),"",K6/I6) | M6: =IF(J6="","COUNT REQUIRED",IF(K6=0,"RECONCILED","INVESTIGATE")) -> COUNT REQUIRED
A7: =Inventory_Master!A7 -> S006 | B7: =IFERROR(VLOOKUP(A7,Inventory_Master!A:K,2,FALSE),"") -> Alcohol Prep Pads | C7: =IFERROR(VLOOKUP(A7,Inventory_Master!A:K,4,FALSE),"") -> ER | D7: =IFERROR(VLOOKUP(A7,Inventory_Master!A:K,6,FALSE),"") -> 50 | E7: =IFERROR(VLOOKUP(A7,Inventory_Master!A:K,7,FALSE),"") -> 150 | F7: =IFERROR(VLOOKUP(A7,Inventory_Master!A:K,8,FALSE),"") -> 47 | G7: =SUMIF(Receiving_Log!C:C,A7,Receiving_Log!F:F) -> 80 | H7: =SUMIF(Usage_Log!C:C,A7,Usage_Log!D:D) -> 15 | I7: =F7+G7-H7 -> 112 | K7: =IF(J7="","",J7-I7) | L7: =IF(OR(J7="",I7=0),"",K7/I7) | M7: =IF(J7="","COUNT REQUIRED",IF(K7=0,"RECONCILED","INVESTIGATE")) -> COUNT REQUIRED
A8: =Inventory_Master!A8 -> S007 | B8: =IFERROR(VLOOKUP(A8,Inventory_Master!A:K,2,FALSE),"") -> 10 mL Syringe | C8: =IFERROR(VLOOKUP(A8,Inventory_Master!A:K,4,FALSE),"") -> ICU | D8: =IFERROR(VLOOKUP(A8,Inventory_Master!A:K,6,FALSE),"") -> 60 | E8: =IFERROR(VLOOKUP(A8,Inventory_Master!A:K,7,FALSE),"") -> 180 | F8: =IFERROR(VLOOKUP(A8,Inventory_Master!A:K,8,FALSE),"") -> 103 | G8: =SUMIF(Receiving_Log!C:C,A8,Receiving_Log!F:F) -> 100 | H8: =SUMIF(Usage_Log!C:C,A8,Usage_Log!D:D) -> 28 | I8: =F8+G8-H8 -> 175 | K8: =IF(J8="","",J8-I8) | L8: =IF(OR(J8="",I8=0),"",K8/I8) | M8: =IF(J8="","COUNT REQUIRED",IF(K8=0,"RECONCILED","INVESTIGATE")) -> COUNT REQUIRED
A9: =Inventory_Master!A9 -> S008 | B9: =IFERROR(VLOOKUP(A9,Inventory_Master!A:K,2,FALSE),"") -> 5 mL Syringe | C9: =IFERROR(VLOOKUP(A9,Inventory_Master!A:K,4,FALSE),"") -> ER | D9: =IFERROR(VLOOKUP(A9,Inventory_Master!A:K,6,FALSE),"") -> 60 | E9: =IFERROR(VLOOKUP(A9,Inventory_Master!A:K,7,FALSE),"") -> 180 | F9: =IFERROR(VLOOKUP(A9,Inventory_Master!A:K,8,FALSE),"") -> 142 | G9: =SUMIF(Receiving_Log!C:C,A9,Receiving_Log!F:F) -> 100 | H9: =SUMIF(Usage_Log!C:C,A9,Usage_Log!D:D) -> 35 | I9: =F9+G9-H9 -> 207 | K9: =IF(J9="","",J9-I9) | L9: =IF(OR(J9="",I9=0),"",K9/I9) | M9: =IF(J9="","COUNT REQUIRED",IF(K9=0,"RECONCILED","INVESTIGATE")) -> COUNT REQUIRED
A10: =Inventory_Master!A10 -> S009 | B10: =IFERROR(VLOOKUP(A10,Inventory_Master!A:K,2,FALSE),"") -> IV Extension Set | C10: =IFERROR(VLOOKUP(A10,Inventory_Master!A:K,4,FALSE),"") -> ICU | D10: =IFERROR(VLOOKUP(A10,Inventory_Master!A:K,6,FALSE),"") -> 40 | E10: =IFERROR(VLOOKUP(A10,Inventory_Master!A:K,7,FALSE),"") -> 120 | F10: =IFERROR(VLOOKUP(A10,Inventory_Master!A:K,8,FALSE),"") -> 36 | G10: =SUMIF(Receiving_Log!C:C,A10,Receiving_Log!F:F) -> 60 | H10: =SUMIF(Usage_Log!C:C,A10,Usage_Log!D:D) -> 12 | I10: =F10+G10-H10 -> 84 | K10: =IF(J10="","",J10-I10) | L10: =IF(OR(J10="",I10=0),"",K10/I10) | M10: =IF(J10="","COUNT REQUIRED",IF(K10=0,"RECONCILED","INVESTIGATE")) -> COUNT REQUIRED
A11: =Inventory_Master!A11 -> S010 | B11: =IFERROR(VLOOKUP(A11,Inventory_Master!A:K,2,FALSE),"") -> Adhesive Tape | C11: =IFERROR(VLOOKUP(A11,Inventory_Master!A:K,4,FALSE),"") -> Surgery | D11: =IFERROR(VLOOKUP(A11,Inventory_Master!A:K,6,FALSE),"") -> 30 | E11: =IFERROR(VLOOKUP(A11,Inventory_Master!A:K,7,FALSE),"") -> 100 | F11: =IFERROR(VLOOKUP(A11,Inventory_Master!A:K,8,FALSE),"") -> 76 | G11: =SUMIF(Receiving_Log!C:C,A11,Receiving_Log!F:F) -> 50 | H11: =SUMIF(Usage_Log!C:C,A11,Usage_Log!D:D) -> 12 | I11: =F11+G11-H11 -> 114 | K11: =IF(J11="","",J11-I11) | L11: =IF(OR(J11="",I11=0),"",K11/I11) | M11: =IF(J11="","COUNT REQUIRED",IF(K11=0,"RECONCILED","INVESTIGATE")) -> COUNT REQUIRED

Sheet Physical_Counts
A1: Count_ID | B1: Count_Date | C1: Supply_ID | D1: Location | E1: System_Qty_At_Count | F1: Physical_Count | G1: Counted_By | H1: Count_Status | I1: Notes
A2: C001 | B2: 46277 | C2: S001 | D2: =IFERROR(VLOOKUP(C2,Inventory_Master!A:K,4,FALSE),"") -> ER | E2: =IFERROR(VLOOKUP(C2,Reconciliation!A:I,9,FALSE),"") -> 88 | F2: 85 | G2: Staff01 | H2: Complete | I2: 3-unit discrepancy
A3: C002 | B3: 46277 | C3: S002 | D3: =IFERROR(VLOOKUP(C3,Inventory_Master!A:K,4,FALSE),"") -> ICU | E3: =IFERROR(VLOOKUP(C3,Reconciliation!A:I,9,FALSE),"") -> 240 | F3: 240 | G3: Staff02 | H3: Complete | I3: Count matched
A4: C003 | B4: 46277 | C4: S003 | D4: =IFERROR(VLOOKUP(C4,Inventory_Master!A:K,4,FALSE),"") -> ER | E4: =IFERROR(VLOOKUP(C4,Reconciliation!A:I,9,FALSE),"") -> 147 | F4: 143 | G4: Staff01 | H4: Complete | I4: 4-unit discrepancy
A5: C004 | B5: 46277 | C5: S004 | D5: =IFERROR(VLOOKUP(C5,Inventory_Master!A:K,4,FALSE),"") -> ICU | E5: =IFERROR(VLOOKUP(C5,Reconciliation!A:I,9,FALSE),"") -> 150 | F5: 150 | G5: Staff02 | H5: Complete | I5: Count matched
A6: C005 | B6: 46277 | C6: S005 | D6: =IFERROR(VLOOKUP(C6,Inventory_Master!A:K,4,FALSE),"") -> Surgery | E6: =IFERROR(VLOOKUP(C6,Reconciliation!A:I,9,FALSE),"") -> 154 | F6: 153 | G6: Staff03 | H6: Complete | I6: 1-unit discrepancy
A7: C006 | B7: 46277 | C7: S006 | D7: =IFERROR(VLOOKUP(C7,Inventory_Master!A:K,4,FALSE),"") -> ER | E7: =IFERROR(VLOOKUP(C7,Reconciliation!A:I,9,FALSE),"") -> 112 | F7: 112 | G7: Staff01 | H7: Complete | I7: Count matched
A8: C007 | B8: 46277 | C8: S007 | D8: =IFERROR(VLOOKUP(C8,Inventory_Master!A:K,4,FALSE),"") -> ICU | E8: =IFERROR(VLOOKUP(C8,Reconciliation!A:I,9,FALSE),"") -> 175 | F8: 171 | G8: Staff02 | H8: Complete | I8: 4-unit discrepancy
A9: C008 | B9: 46277 | C9: S008 | D9: =IFERROR(VLOOKUP(C9,Inventory_Master!A:K,4,FALSE),"") -> ER | E9: =IFERROR(VLOOKUP(C9,Reconciliation!A:I,9,FALSE),"") -> 207 | F9: 207 | G9: Staff01 | H9: Complete | I9: Count matched
A10: C009 | B10: 46277 | C10: S009 | D10: =IFERROR(VLOOKUP(C10,Inventory_Master!A:K,4,FALSE),"") -> ICU | E10: =IFERROR(VLOOKUP(C10,Reconciliation!A:I,9,FALSE),"") -> 84 | F10: 82 | G10: Staff02 | H10: Complete | I10: 2-unit discrepancy
A11: C010 | B11: 46277 | C11: S010 | D11: =IFERROR(VLOOKUP(C11,Inventory_Master!A:K,4,FALSE),"") -> Surgery | E11: =IFERROR(VLOOKUP(C11,Reconciliation!A:I,9,FALSE),"") -> 114 | F11: 114 | G11: Staff03 | H11: Complete | I11: Count matched
